54.158.171.178,1423142875872,848,/HotelApp/,200,OK,samplewop 1-2,text,true,1853,848
54.158.171.178,1423142875859,860,/HotelApp/,200,OK,samplewop 1-1,text,true,1853,860
54.158.171.178,1423142876044,675,/HotelApp/,200,OK,samplewop 1-5,text,true,1853,665
54.158.171.178,1423142875872,822,/HotelApp/,200,OK,samplewop 1-4,text,true,1853,822
54.158.171.178,1423142879933,248,/HotelApp/css/main.css,200,OK,samplewop 1-4,text,true,1159,248
54.158.171.178,1423142879927,256,/HotelApp/css/main.css,200,OK,samplewop 1-5,text,true,1159,256
54.158.171.178,1423142872633,931,Login Page,200,"Number of samples in transaction : 2, number of failing samples : 0",samplewop 1-5,,true,3012,921
54.158.171.178,1423142872424,1070,Login Page,200,"Number of samples in transaction : 2, number of failing samples : 0",samplewop 1-4,,true,3012,1070
54.158.171.178,1423142880589,249,/HotelApp/css/main.css,200,OK,samplewop 1-1,text,true,1159,248
54.158.171.178,1423142871807,1109,Login Page,200,"Number of samples in transaction : 2, number of failing samples : 0",samplewop 1-1,,true,3012,1108
54.158.171.178,1423142880730,247,/HotelApp/css/main.css,200,OK,samplewop 1-3,text,true,1159,247
54.158.171.178,1423142872214,981,Login Page,200,"Number of samples in transaction : 2, number of failing samples : 0",samplewop 1-3,,true,3012,981
54.158.171.178,1423142880778,246,/HotelApp/css/main.css,200,OK,samplewop 1-2,text,true,1159,246
54.158.171.178,1423142872004,1094,Login Page,200,"Number of samples in transaction : 2, number of failing samples : 0",samplewop 1-2,,true,3012,1094
54.158.171.178,1423142884271,879,/HotelApp/,200,OK,samplewop 1-2,text,true,16988,347
54.158.171.178,1423142881025,879,User Home Page,200,"Number of samples in transaction : 1, number of failing samples : 0",samplewop 1-2,,true,16988,347
54.158.171.178,1423142884434,827,/HotelApp/,200,OK,samplewop 1-4,text,true,16988,296
54.158.171.178,1423142880184,827,User Home Page,200,"Number of samples in transaction : 1, number of failing samples : 0",samplewop 1-4,,true,16988,296
54.158.171.178,1423142884604,826,/HotelApp/,200,OK,samplewop 1-3,text,true,16988,300
54.158.171.178,1423142880977,826,User Home Page,200,"Number of samples in transaction : 1, number of failing samples : 0",samplewop 1-3,,true,16988,300
54.158.171.178,1423142884827,871,/HotelApp/,200,OK,samplewop 1-5,text,true,16988,323
54.158.171.178,1423142880183,871,User Home Page,200,"Number of samples in transaction : 1, number of failing samples : 0",samplewop 1-5,,true,16988,323
54.158.171.178,1423142884979,823,/HotelApp/,200,OK,samplewop 1-1,text,true,16988,295
54.158.171.178,1423142880838,823,User Home Page,200,"Number of samples in transaction : 1, number of failing samples : 0",samplewop 1-1,,true,16988,295
54.158.171.178,1423142888706,769,/HotelApp/SelectHotel.php,200,OK,samplewop 1-2,text,true,10783,495
54.158.171.178,1423142885152,769,Search Results,200,"Number of samples in transaction : 1, number of failing samples : 0",samplewop 1-2,,true,10783,495
54.158.171.178,1423142888748,753,/HotelApp/SelectHotel.php,200,OK,samplewop 1-3,text,true,10783,484
54.158.171.178,1423142885430,753,Search Results,200,"Number of samples in transaction : 1, number of failing samples : 0",samplewop 1-3,,true,10783,484
54.158.171.178,1423142888868,758,/HotelApp/SelectHotel.php,200,OK,samplewop 1-1,text,true,10783,477
54.158.171.178,1423142885802,758,Search Results,200,"Number of samples in transaction : 1, number of failing samples : 0",samplewop 1-1,,true,10783,477
54.158.171.178,1423142889366,745,/HotelApp/SelectHotel.php,200,OK,samplewop 1-5,text,true,10783,470
54.158.171.178,1423142885698,745,Search Results,200,"Number of samples in transaction : 1, number of failing samples : 0",samplewop 1-5,,true,10783,470
54.158.171.178,1423142889662,718,/HotelApp/SelectHotel.php,200,OK,samplewop 1-4,text,true,10783,460
54.158.171.178,1423142885261,718,Search Results,200,"Number of samples in transaction : 1, number of failing samples : 0",samplewop 1-4,,true,10783,460
54.158.171.178,1423142892536,631,/HotelApp/BookHotel.php,200,OK,samplewop 1-3,text,true,13755,365
54.158.171.178,1423142892863,630,/HotelApp/BookHotel.php,200,OK,samplewop 1-2,text,true,13755,356
54.158.171.178,1423142893778,603,/HotelApp/BookHotel.php,200,OK,samplewop 1-1,text,true,13755,338
54.158.171.178,1423142893835,629,/HotelApp/BookHotel.php,200,OK,samplewop 1-5,text,true,13755,349
54.158.171.178,1423142895242,146,/HotelApp/BookHotel.php,Non HTTP response code: org.apache.http.NoHttpResponseException,Non HTTP response message: The target server failed to respond,samplewop 1-4,text,false,1919,0
54.158.171.178,1423142897312,263,/HotelApp/js/book_hotel.js,200,OK,samplewop 1-3,text,true,1210,263
54.158.171.178,1423142889501,894,Reservation From,200,"Number of samples in transaction : 2, number of failing samples : 0",samplewop 1-3,,true,14965,628
54.158.171.178,1423142897546,256,/HotelApp/js/book_hotel.js,200,OK,samplewop 1-5,text,true,1210,256
54.158.171.178,1423142890111,885,Reservation From,200,"Number of samples in transaction : 2, number of failing samples : 0",samplewop 1-5,,true,14965,605
54.158.171.178,1423142897735,251,/HotelApp/js/book_hotel.js,200,OK,samplewop 1-2,text,true,1210,251
54.158.171.178,1423142889475,881,Reservation From,200,"Number of samples in transaction : 2, number of failing samples : 0",samplewop 1-2,,true,14965,607
54.158.171.178,1423142898366,247,/HotelApp/js/book_hotel.js,200,OK,samplewop 1-1,text,true,1210,247
54.158.171.178,1423142889626,850,Reservation From,200,"Number of samples in transaction : 2, number of failing samples : 0",samplewop 1-1,,true,14965,585
54.158.171.178,1423142898602,499,/HotelApp/js/book_hotel.js,200,OK,samplewop 1-4,text,true,1211,499
54.158.171.178,1423142890381,645,Reservation From,,"Number of samples in transaction : 2, number of failing samples : 1",samplewop 1-4,,false,3130,499
54.158.171.178,1423142900594,613,/HotelApp/BookingConfirm.php,200,OK,samplewop 1-3,text,true,10866,344
54.158.171.178,1423142897575,613,Confrmation,200,"Number of samples in transaction : 1, number of failing samples : 0",samplewop 1-3,,true,10866,344
54.158.171.178,1423142901527,594,/HotelApp/BookingConfirm.php,200,OK,samplewop 1-2,text,true,10866,328
54.158.171.178,1423142897986,594,Confrmation,200,"Number of samples in transaction : 1, number of failing samples : 0",samplewop 1-2,,true,10866,328
54.158.171.178,1423142902377,634,/HotelApp/BookingConfirm.php,200,OK,samplewop 1-5,text,true,10866,334
54.158.171.178,1423142897803,634,Confrmation,200,"Number of samples in transaction : 1, number of failing samples : 0",samplewop 1-5,,true,10866,334
54.158.171.178,1423142903578,39,/HotelApp/BookingConfirm.php,Non HTTP response code: org.apache.http.NoHttpResponseException,Non HTTP response message: The target server failed to respond,samplewop 1-1,text,false,1919,0
54.158.171.178,1423142898613,39,Confrmation,,"Number of samples in transaction : 1, number of failing samples : 1",samplewop 1-1,,false,1919,0
54.158.171.178,1423142903318,608,/HotelApp/BookingConfirm.php,200,OK,samplewop 1-4,text,true,10866,341
54.158.171.178,1423142899102,608,Confrmation,200,"Number of samples in transaction : 1, number of failing samples : 0",samplewop 1-4,,true,10866,341
54.158.171.178,1423142905582,267,/HotelApp/Logout.php,200,OK,samplewop 1-3,text,true,1919,267
54.158.171.178,1423142901208,267,Logout,200,"Number of samples in transaction : 1, number of failing samples : 0",samplewop 1-3,,true,1919,267
54.158.171.178,1423142905966,308,/HotelApp/Logout.php,200,OK,samplewop 1-2,text,true,1919,308
54.158.171.178,1423142902122,308,Logout,200,"Number of samples in transaction : 1, number of failing samples : 0",samplewop 1-2,,true,1919,308
54.158.171.178,1423142906594,281,/HotelApp/Logout.php,200,OK,samplewop 1-5,text,true,1919,281
54.158.171.178,1423142903012,281,Logout,200,"Number of samples in transaction : 1, number of failing samples : 0",samplewop 1-5,,true,1919,281
54.158.171.178,1423142908670,269,/HotelApp/Logout.php,200,OK,samplewop 1-4,text,true,1919,269
54.158.171.178,1423142903926,269,Logout,200,"Number of samples in transaction : 1, number of failing samples : 0",samplewop 1-4,,true,1919,269
54.158.171.178,1423142909813,259,/HotelApp/,200,OK,samplewop 1-3,text,true,1852,259
54.158.171.178,1423142910794,258,/HotelApp/,200,OK,samplewop 1-2,text,true,1852,258
54.158.171.178,1423142911255,274,/HotelApp/,200,OK,samplewop 1-5,text,true,1852,274
54.158.171.178,1423142907818,5536,/HotelApp/Logout.php,200,OK,samplewop 1-1,text,true,1920,5536
54.158.171.178,1423142903618,5536,Logout,200,"Number of samples in transaction : 1, number of failing samples : 0",samplewop 1-1,,true,1920,5536
54.158.171.178,1423142913411,269,/HotelApp/,200,OK,samplewop 1-4,text,true,1852,269
54.158.171.178,1423142913498,248,/HotelApp/css/main.css,200,OK,samplewop 1-3,text,true,1159,248
54.158.171.178,1423142905850,507,Login Page,200,"Number of samples in transaction : 2, number of failing samples : 0",samplewop 1-3,,true,3011,507
54.158.171.178,1423142915037,255,/HotelApp/css/main.css,200,OK,samplewop 1-5,text,true,1159,255
54.158.171.178,1423142906876,529,Login Page,200,"Number of samples in transaction : 2, number of failing samples : 0",samplewop 1-5,,true,3011,529
54.158.171.178,1423142915476,244,/HotelApp/css/main.css,200,OK,samplewop 1-2,text,true,1159,243
54.158.171.178,1423142906275,502,Login Page,200,"Number of samples in transaction : 2, number of failing samples : 0",samplewop 1-2,,true,3011,501
54.158.171.178,1423142916542,278,/HotelApp/,200,OK,samplewop 1-1,text,true,1852,277
54.158.171.178,1423142917383,264,/HotelApp/css/main.css,200,OK,samplewop 1-4,text,true,1159,264
54.158.171.178,1423142908940,533,Login Page,200,"Number of samples in transaction : 2, number of failing samples : 0",samplewop 1-4,,true,3011,533
54.158.171.178,1423142918023,883,/HotelApp/,200,OK,samplewop 1-3,text,true,16988,305
54.158.171.178,1423142913746,883,User Home Page,200,"Number of samples in transaction : 1, number of failing samples : 0",samplewop 1-3,,true,16988,305
54.158.171.178,1423142920087,210,/HotelApp/,Non HTTP response code: org.apache.http.NoHttpResponseException,Non HTTP response message: The target server failed to respond,samplewop 1-5,text,false,1919,0
54.158.171.178,1423142915293,210,User Home Page,,"Number of samples in transaction : 1, number of failing samples : 1",samplewop 1-5,,false,1919,0
54.158.171.178,1423142920103,819,/HotelApp/,200,OK,samplewop 1-2,text,true,16988,299
54.158.171.178,1423142915720,819,User Home Page,200,"Number of samples in transaction : 1, number of failing samples : 0",samplewop 1-2,,true,16988,299
54.158.171.178,1423142921159,262,/HotelApp/css/main.css,200,OK,samplewop 1-1,text,true,1159,262
54.158.171.178,1423142913354,540,Login Page,200,"Number of samples in transaction : 2, number of failing samples : 0",samplewop 1-1,,true,3011,539
54.158.171.178,1423142920739,837,/HotelApp/,200,OK,samplewop 1-4,text,true,16988,306
54.158.171.178,1423142917647,837,User Home Page,200,"Number of samples in transaction : 1, number of failing samples : 0",samplewop 1-4,,true,16988,306
54.158.171.178,1423142923747,164,/HotelApp/SelectHotel.php,Non HTTP response code: org.apache.http.NoHttpResponseException,Non HTTP response message: The target server failed to respond,samplewop 1-3,text,false,1919,0
54.158.171.178,1423142918907,164,Search Results,,"Number of samples in transaction : 1, number of failing samples : 1",samplewop 1-3,,false,1919,0
54.158.171.178,1423142924946,701,/HotelApp/SelectHotel.php,200,OK,samplewop 1-4,text,true,10783,437
54.158.171.178,1423142921576,701,Search Results,200,"Number of samples in transaction : 1, number of failing samples : 0",samplewop 1-4,,true,10783,437
54.158.171.178,1423142925821,108,/HotelApp/SelectHotel.php,Non HTTP response code: org.apache.http.NoHttpResponseException,Non HTTP response message: The target server failed to respond,samplewop 1-2,text,false,1919,0
54.158.171.178,1423142920922,108,Search Results,,"Number of samples in transaction : 1, number of failing samples : 1",samplewop 1-2,,false,1919,0
54.158.171.178,1423142925022,972,/HotelApp/SelectHotel.php,200,OK,samplewop 1-5,text,true,10784,710
54.158.171.178,1423142920298,972,Search Results,200,"Number of samples in transaction : 1, number of failing samples : 0",samplewop 1-5,,true,10784,710
54.158.171.178,1423142925228,859,/HotelApp/,200,OK,samplewop 1-1,text,true,16988,312
54.158.171.178,1423142921421,859,User Home Page,200,"Number of samples in transaction : 1, number of failing samples : 0",samplewop 1-1,,true,16988,312
54.158.171.178,1423142927002,867,/HotelApp/BookHotel.php,200,OK,samplewop 1-3,text,true,13756,595
54.158.171.178,1423142929015,624,/HotelApp/BookHotel.php,200,OK,samplewop 1-5,text,true,13755,345
54.158.171.178,1423142930306,638,/HotelApp/BookHotel.php,200,OK,samplewop 1-4,text,true,13755,363
54.158.171.178,1423142930195,755,/HotelApp/SelectHotel.php,200,OK,samplewop 1-1,text,true,10783,478
54.158.171.178,1423142926088,755,Search Results,200,"Number of samples in transaction : 1, number of failing samples : 0",samplewop 1-1,,true,10783,478
54.158.171.178,1423142930234,857,/HotelApp/BookHotel.php,200,OK,samplewop 1-2,text,true,13756,592
54.158.171.178,1423142931619,268,/HotelApp/js/book_hotel.js,200,OK,samplewop 1-3,text,true,1210,268
54.158.171.178,1423142923911,1135,Reservation From,200,"Number of samples in transaction : 2, number of failing samples : 0",samplewop 1-3,,true,14966,863
54.158.171.178,1423142932960,289,/HotelApp/js/book_hotel.js,200,OK,samplewop 1-5,text,true,1210,288
54.158.171.178,1423142925994,913,Reservation From,200,"Number of samples in transaction : 2, number of failing samples : 0",samplewop 1-5,,true,14965,633
54.158.171.178,1423142934486,256,/HotelApp/js/book_hotel.js,200,OK,samplewop 1-4,text,true,1210,255
54.158.171.178,1423142925647,894,Reservation From,200,"Number of samples in transaction : 2, number of failing samples : 0",samplewop 1-4,,true,14965,618
54.158.171.178,1423142934593,243,/HotelApp/js/book_hotel.js,200,OK,samplewop 1-2,text,true,1210,243
54.158.171.178,1423142925930,1100,Reservation From,200,"Number of samples in transaction : 2, number of failing samples : 0",samplewop 1-2,,true,14966,835
54.158.171.178,1423142935430,629,/HotelApp/BookHotel.php,200,OK,samplewop 1-1,text,true,13755,347
